{
  "project_info": {
    "project_number": "545009252062",
    "project_id": "enraya-81f29",
    "storage_bucket": "enraya-81f29.appspot.com"
  },
  "client": [
    {
      "client_info": {
        "mobilesdk_app_id": "1:545009252062:android:184101a1ab85530272f44f",
        "android_client_info": {
          "package_name": "com.example.a3enraya"
        }
      },
      "oauth_client": [
        {
          "client_id": "545009252062-2vjtmnnh64qnu3inilpognoe5df3gc82.apps.googleusercontent.com",
          "client_type": 1,
          "android_info": {
            "package_name": "com.example.a3enraya",
            "certificate_hash": "3fea58af82b9153df63cc9f551a7ab0e4888dd3d"
          }
        },
        {
          "client_id": "545009252062-74ba0v1cojnrbdm6k8f8b8tsidb69f8q.apps.googleusercontent.com",
          "client_type": 3
        }
      ],
      "api_key": [
        {
          "current_key": "AIzaSyAksmhe-5iBjPBP6bACBGYZL6DOcqNmHHg"
        }
      ],
      "services": {
        "appinvite_service": {
          "other_platform_oauth_client": [
            {
              "client_id": "545009252062-74ba0v1cojnrbdm6k8f8b8tsidb69f8q.apps.googleusercontent.com",
              "client_type": 3
            }
          ]
        }
      }
    }
  ],
  "configuration_version": "1"
}